first_name,last_name,email,code,password
Winna,Hyndes,whyndes0@sohu.com,763237,xT4`jd0\8
Veda,Kensley,vkensley1@mit.edu,544199,dR5Y?(j'O_J`=j
Wit,Bravey,wbravey2@go.com,323543,"kZ8jhH+C""X"
Kirby,Stears,kstears3@indiatimes.com,275571,uE9stC\II0Mu(
Valentine,Cohalan,vcohalan4@free.fr,721191,"uS1Pxci`?."""
Fanni,Durning,fdurning5@chronoengine.com,813334,kE0>ksJtQL
Keelia,Duxbury,kduxbury6@boston.com,688858,mZ5F7gq<
Eba,Chevin,echevin7@theglobeandmail.com,51789,aX1Q+rCMqo3
Tito,Nehls,tnehls8@admin.ch,182198,dC0UT?<NG8'Hb/
Herc,Escreet,hescreet9@jalbum.net,519085,lO2yrenO7}3S0>d
Kiel,Dany,kdanya@miibeian.gov.cn,481388,iM1*y{MTH
Anallise,Caillou,acailloub@hostgator.com,212357,uM9\*RviW@#k31a
Tobit,Cholton,tcholtonc@google.de,320867,uX4Y_ROv
Lorrayne,Casaletto,lcasalettod@china.com.cn,245553,zW3N}9Wm0(Y\`
Clarice,Domleo,cdomleoe@ucoz.com,166190,bN0K`kArQ)*4UW
Gussie,Viccars,gviccarsf@geocities.com,871012,oR3wlz./.jATIoc
Ileane,Nestoruk,inestorukg@wisc.edu,405452,gV7}lP&1Ou3
Terence,Crompton,tcromptonh@pagesperso-orange.fr,257593,kJ5$f>}s#_
Chick,Dougharty,cdoughartyi@tiny.cc,630292,lE8QS%=q4CG
Dorthy,Crat,dcratj@g.co,779883,aV0QkhsQ4c\\Wk
Anastasie,Wilton,awiltonk@tinyurl.com,365708,pG8`S_>FSc
Bev,Lideard,blideardl@mysql.com,127238,pR2J5(R9ITc2
Corrina,Eagleton,ceagletonm@liveinternet.ru,412058,"rF38D,=quW=Y""}"
Sylvia,Bidewell,sbidewelln@shop-pro.jp,586859,zH1$z3?>|(&Q
Pail,Hawke,phawkeo@intel.com,408959,hA6_77JQ*''L
Ede,Jirasek,ejirasekp@example.com,338755,yV17UfL?%*9
Janis,Haking,jhakingq@sphinn.com,721471,jR3P&'>51)oJc
Janette,Emmett,jemmettr@ed.gov,127968,vG6h9#EZ558PuZV
Micky,Oleszcuk,moleszcuks@google.fr,564773,aK1TuXrh$CX
Godart,Cloutt,gclouttt@java.com,629740,"rG7y,){IHD<.v"
Austin,Bickers,abickersu@comcast.net,497529,"cY1&|e4@""S>"
Amalita,Philipp,aphilippv@google.es,269124,dD8(F*hka5V
Hanson,Shillitoe,hshillitoew@wordpress.org,160918,wH1#@)agl(
Clarey,Mc Kellen,cmckellenx@furl.net,717746,pJ8v\iZqoXk*
Stanislaus,Iddons,siddonsy@patch.com,89460,aF7(?c(i!V*
Willie,Delepine,wdelepinez@domainmarket.com,302694,wI0LT/z5CY7Vo
Krissie,Riddall,kriddall10@ox.ac.uk,828292,"qK5,""|x){vDg23YF"
Eamon,Le Brum,elebrum11@creativecommons.org,451619,aW0VRd2@s0'FR*<$
Mathilde,Pawling,mpawling12@mediafire.com,118193,rJ5!.i`F#yM
Lilli,Berrisford,lberrisford13@scribd.com,261248,cF4Jie/+
Ali,Stormonth,astormonth14@stanford.edu,801579,kP0)b$haL`9GHP
Mavra,Jancik,mjancik15@tumblr.com,805111,"nA34.},X/&V26oW"
Eloisa,Escott,eescott16@theguardian.com,261196,dZ8w$!F{6w<(w%H
Rodie,Dzeniskevich,rdzeniskevich17@fotki.com,766919,"gF7YtBc4\RhN""K$"
Eugen,des Remedios,edesremedios18@slideshare.net,634103,iZ5*K8HR
Wendi,Pusey,wpusey19@alexa.com,748635,yG1<WIIM|i~r/
Bonnibelle,Culvey,bculvey1a@bluehost.com,767787,"yH9)@Nuxdf*QS"""
Penn,Liff,pliff1b@hibu.com,863330,rY9M<dO6u%16~u3X
Dean,Pennings,dpennings1c@123-reg.co.uk,455991,tP3JDFvks*7J
Pebrook,Finlry,pfinlry1d@geocities.com,671833,zK7IEY/&yYiC?
Kial,Spering,kspering1e@usda.gov,704275,mT2CC|il@@_(Dfq
Skylar,Bonnick,sbonnick1f@mapquest.com,707745,"nY6F0s""m}buJV"
Electra,Vondruska,evondruska1g@de.vu,195161,aX5x3vPKmMtRz
Marla,Georg,mgeorg1h@hp.com,654442,oA6m8U\8R)B0GT
Kinny,Jenicke,kjenicke1i@mapquest.com,773623,yU5V'g55
Lindsy,Jackman,ljackman1j@diigo.com,211512,yK1)P$g8FnN<zRG
Beryle,Aucutt,baucutt1k@tamu.edu,179748,rY1E+_q%U|p4WMEC
Berry,Karppi,bkarppi1l@yellowbook.com,375570,pQ5tyZ!syfV
Earlie,Hyslop,ehyslop1m@yahoo.co.jp,815101,yR0GsCc1QRfGP
Keane,Heibel,kheibel1n@auda.org.au,260634,fO0jD_$1./u
Gerda,Osmant,gosmant1o@bloomberg.com,211514,"aN4$eL""H7H8KTfK"
Vera,Mewburn,vmewburn1p@cocolog-nifty.com,410929,oB6I8s(Q>gQ
Arie,Ubsdell,aubsdell1q@is.gd,442820,oD5&S*D_Ty
Wandis,Blything,wblything1r@arstechnica.com,724278,sR10>0qN2$vTY6'
Adolpho,Hugnet,ahugnet1s@geocities.jp,847787,rX6`i1bH
Brittany,MacCarlich,bmaccarlich1t@people.com.cn,285233,xY0g_m%+yU
Jacinda,McKissack,jmckissack1u@sitemeter.com,237015,eA8kocpg(fuNkk
Gorden,Conachie,gconachie1v@mlb.com,228796,wM6~|tbTz$4U
Rosamond,Brozsset,rbrozsset1w@netvibes.com,721867,yK1Oyi)Mtl
Keslie,Shorie,kshorie1x@epa.gov,262617,cW7e*b\fQFKF
Pauline,Jentzsch,pjentzsch1y@exblog.jp,308893,eR9`$P4b?A'*U
Leroi,Knutsen,lknutsen1z@amazon.de,70194,"dY4LVLK"""
Lana,Starmore,lstarmore20@un.org,111273,"jF7GB15`,"
Juieta,Lockery,jlockery21@histats.com,492938,uY7X%+Omr|v{s20m
Inness,Bedboro,ibedboro22@ezinearticles.com,817405,"eV173""@gzVQ0g"
Kissee,Hairsine,khairsine23@nps.gov,847698,"wG8jC#%8*""<<h"""
Neil,Pidgeon,npidgeon24@telegraph.co.uk,301913,nG3'6~k{3te
Bevin,Cousens,bcousens25@abc.net.au,529324,dK6@YBZnJde|%n
Raymond,Pilcher,rpilcher26@marketwatch.com,251305,wG5BIfP%k&J=
Cornie,Winkle,cwinkle27@bluehost.com,768022,dU3|&V1Ab0
Sheridan,Kitchingman,skitchingman28@google.it,185095,tB6lq{(D.@3D8il
Aubrie,Maydwell,amaydwell29@paginegialle.it,420800,"lE2EFGw.l2,3oJ0"
Sharlene,Andretti,sandretti2a@nsw.gov.au,897528,"nM1<8_6,~>1AD*C"
Erhard,Kimmel,ekimmel2b@springer.com,273315,mQ4@5i)JU%hu_
Stirling,Askew,saskew2c@yahoo.com,452776,cI6=H.vAm>
Woodrow,Aleksankov,waleksankov2d@myspace.com,207795,gB9Jq2~IU%83i
Helene,Yukhnini,hyukhnini2e@engadget.com,190761,eJ3=UJC'Wl
Nikkie,Steffens,nsteffens2f@weibo.com,361343,zV6zLHDfRt|\>V1L
Terri,Tine,ttine2g@nationalgeographic.com,281201,"mE8,TuD}~"
Cecil,Chazerand,cchazerand2h@netlog.com,60677,bZ9X0<3tu=_O&iI8
Galvin,Dowgill,gdowgill2i@hhs.gov,187814,oF1HnP%d/_*MeUQ
Iggie,Gwillym,igwillym2j@columbia.edu,202902,gU1>9@1Li+&<Mw=x
Georas,Melton,gmelton2k@miibeian.gov.cn,833587,"oW7ap_,@|'"
Martainn,Mayers,mmayers2l@webeden.co.uk,836636,tT1~HauT1N
Lyndsey,Partleton,lpartleton2m@npr.org,707709,jB7+L3LNu>Z*@R&Z
Carmelita,Sandeford,csandeford2n@diigo.com,600085,"yE6{#'~)""1"""
Bertie,De Witt,bdewitt2o@moonfruit.com,869535,fB7~<00R2Ezp3Wtq
Mareah,Kettleson,mkettleson2p@techcrunch.com,243559,mL5S>#t!2i'}x#
Yuma,Titheridge,ytitheridge2q@imgur.com,353840,eY4A.RhC2`*
Cory,Revance,crevance2r@ebay.co.uk,109238,xL0lU|yY.KL1
Trudey,Brickell,tbrickell2s@dot.gov,650183,vY0{Th`Wy
Dom,Melbourn,dmelbourn2t@desdev.cn,840979,aO9A.GStc
Bebe,Faughey,bfaughey2u@fda.gov,602431,qQ9H{~!88K%
Bili,Mccaull,bmccaull2v@photobucket.com,124399,aT0ulONo7p
Auberta,McFadden,amcfadden2w@drupal.org,674972,wZ3jN|1??H~
Rafaelita,Girardini,rgirardini2x@tumblr.com,487593,nN3B|YidK%
Donica,Proschke,dproschke2y@omniture.com,90871,bY5E#z}jo\H
Kimmy,Hallford,khallford2z@tripod.com,256859,rB7SQU}wy7B)
Britney,Harford,bharford30@weather.com,432459,yG9j6<ICbTjZ4I%r
Yule,Sandland,ysandland31@geocities.jp,748674,fV256FromwR+6H=
Elisa,Grisewood,egrisewood32@washington.edu,547233,wQ3FREkuq\jIZ
Minnnie,Dreigher,mdreigher33@desdev.cn,50692,"kX6H7hG,f'g6,"
Dee,Jevon,djevon34@alibaba.com,373799,sE9XI8u/wauxn
Irvine,Raynham,iraynham35@mac.com,888046,"zT6Y2(EQM,ee"
Francine,Worster,fworster36@adobe.com,641535,nT8=/c{%'pc{bf
Cody,Beaulieu,cbeaulieu37@woothemes.com,421194,wW5%q!=y
Helyn,Deyes,hdeyes38@cyberchimps.com,793987,iS0lH!w0?cIc!'f
Hernando,Zelley,hzelley39@ft.com,542975,kU4TW_W7)
Morganica,Witheford,mwitheford3a@ihg.com,429898,lN5JrY2t?DK|BW
Irvin,Lawes,ilawes3b@soundcloud.com,828615,fJ1VR_SXJtA
Edd,Nurdin,enurdin3c@senate.gov,736004,wE5O~>qG&
Amberly,Ollivier,aollivier3d@ucla.edu,624086,bQ8N?V'N
Marijo,Teresia,mteresia3e@deviantart.com,671187,zJ3I$6H#R+3dvK
Ede,Simmonite,esimmonite3f@nyu.edu,554666,jQ3kgtpQ)`wqBlm
Bev,Darbyshire,bdarbyshire3g@alibaba.com,757096,eK4B7&\*VE}n}_
Marty,Prestney,mprestney3h@harvard.edu,567398,"gN3J*Gx,B#&n"
Borg,Ondrich,bondrich3i@usatoday.com,811919,jL6b.k`tNjsxWn#
Anette,Sturdy,asturdy3j@about.com,281106,xL5\~8}l)CQ)
Shalne,Middlehurst,smiddlehurst3k@foxnews.com,630713,"rQ9""z""RFvdI8q`~?"
Maurie,Chilton,mchilton3l@bloglovin.com,776973,fV7E#SpfkuD
Abran,Iowarch,aiowarch3m@economist.com,829444,eR1_Lu`2rYlP
Siana,Cunnow,scunnow3n@multiply.com,202281,iX7'O$F0r=b
Jeffrey,Ratke,jratke3o@ibm.com,615143,aC0jSQYul#
Baily,O'Siaghail,bosiaghail3p@prlog.org,283538,tE4NSYzK1@@MUg
Corey,Lage,clage3q@meetup.com,135489,hK4!K=_EF2j
Selby,Semered,ssemered3r@nhs.uk,479837,sC7SO>G373)=ey~
Chrystal,Greening,cgreening3s@jugem.jp,134242,nR5d6xT=lIo>)
Danya,Kellaway,dkellaway3t@huffingtonpost.com,709311,pF3_{|ec.wNmX
Eleni,Faulks,efaulks3u@ebay.com,228909,uA2!P3Ywy
Vincent,Schimmang,vschimmang3v@51.la,583895,cA4vtoxsen4Fv=1}
Georgette,Marklund,gmarklund3w@twitter.com,295815,yL3yyE$0LR
Valeria,Duffin,vduffin3x@printfriendly.com,445626,yF0dsl1Ln3F
Malva,Cleatherow,mcleatherow3y@ovh.net,55562,gO5xdt4K8@+4*GZ
Gerhardine,Sizzey,gsizzey3z@mtv.com,677271,xB5ObZNgvjyvCT
Connie,Spender,cspender40@google.ru,295393,vN8'(b8kf+S>ce
Sara-ann,Waggitt,swaggitt41@sciencedirect.com,834233,hK2cR>19?U5DFt
Mora,Cuskery,mcuskery42@liveinternet.ru,675214,eX1%k550f
Rorke,Wyllis,rwyllis43@simplemachines.org,794223,kI72&|5(
Rikki,Reymers,rreymers44@bluehost.com,225421,"gT7mX>pnS\W""cynM"
Donielle,Heald,dheald45@chron.com,221613,"hP3S""70vQ+)/@#n*"
Deny,Doughton,ddoughton46@independent.co.uk,399838,sN96\3stg5emx
Teirtza,Fawcus,tfawcus47@mlb.com,234289,"sZ2""$ZBs%>""&|D"
Nikaniki,Root,nroot48@bloomberg.com,379958,"kR26y=LUgA09U"""
Ammamaria,Golthorpp,agolthorpp49@goo.gl,617229,"yD7b_<uSGG,LtV"
Nonah,Zannolli,nzannolli4a@seesaa.net,493184,wW5QBEMA5
Lorraine,Fretter,lfretter4b@sun.com,430787,nP6/}.eBzjlgeY
Chaunce,Fatkin,cfatkin4c@harvard.edu,250372,bG2ni%e?9?Bs5Tnc
Hewett,McFeate,hmcfeate4d@naver.com,742362,uG8BfbsPw
Diann,Danilowicz,ddanilowicz4e@aboutads.info,518812,vF1%AGY~O>qHL?
Burty,Ralestone,bralestone4f@prlog.org,141128,rN7r\!hp
Ambros,Nossent,anossent4g@istockphoto.com,416994,iG28T}x3RsJ64G}
Aggie,Teaz,ateaz4h@statcounter.com,414206,fS7wO|Se
Kalli,Charlotte,kcharlotte4i@japanpost.jp,371485,pL9<Tn46(+yfd|8Q
Arnie,Paver,apaver4j@twitpic.com,893297,"cI2,#\@6lK<ib%6"
Jocelin,Acey,jacey4k@earthlink.net,112713,hA8oU))q((TWW}o
Alexandrina,Sieve,asieve4l@artisteer.com,436640,zC21X8P*|(vo17
Jedediah,Derrett,jderrett4m@bizjournals.com,182639,nW8~/4.u_$+B<}W
Britt,Ellin,bellin4n@gov.uk,662632,hA3+nyKey@@F'#
Rosanna,Treeby,rtreeby4o@sitemeter.com,219393,"yR1T""_OUpIy"
Darill,Ruggieri,druggieri4p@fda.gov,154214,wM7T17vl@?h*
Charlotta,Whardley,cwhardley4q@behance.net,888137,yC41DQ<XV
Kary,Cuttelar,kcuttelar4r@mit.edu,857244,yI7QUETj\
Shara,Dowsett,sdowsett4s@mit.edu,741359,"hU4LA6U,"
Odelia,Merkel,omerkel4t@jimdo.com,366751,fB4t=}|aP4(e)\
Marcille,Duffil,mduffil4u@nhs.uk,833008,fI7MH\GO
Harley,Coleyshaw,hcoleyshaw4v@about.com,357172,"vJ7I5,<kx1F"
Nicole,Sorsbie,nsorsbie4w@hostgator.com,82269,hX0maMKf3sq
Delbert,Dibb,ddibb4x@imgur.com,317006,sE8OoPbS$
Xerxes,Emson,xemson4y@amazon.co.jp,696786,iI4O4`3zivF!lfph
Merv,Venour,mvenour4z@alibaba.com,495910,zU0L'~P0*k
Daphne,Blackwell,dblackwell50@amazon.co.jp,666532,zJ4Z#}?j6Ef(6Q
Natalya,Shaddick,nshaddick51@blogspot.com,97675,mG3D{ySX+JI8=v
Starlene,Cordrey,scordrey52@berkeley.edu,241321,rF4dWHKmMIbc1
Will,Loakes,wloakes53@icio.us,114308,"iT8eIu,("
Cullin,Soppit,csoppit54@hp.com,542208,"iJ0L/E<uM,"
Quincey,Labon,qlabon55@oaic.gov.au,172951,iB1=Jd6uOv
Karylin,Wennam,kwennam56@reuters.com,70307,oF1o4z7m+L?K0s4
Maryjane,Wetherill,mwetherill57@blogs.com,622964,dD1J5x\=%U(5EV
Anny,Lehrian,alehrian58@dailymotion.com,151466,uT6k#HAqP$T{hP
Melvin,Hellewell,mhellewell59@sphinn.com,346066,jJ5rGe}W9<c`h
Tammy,Blampey,tblampey5a@about.me,329123,"qU9N9Fu""v$J`=6"
Shanan,Mixture,smixture5b@umn.edu,146171,jN69k&(expIW
Leopold,Arnauduc,larnauduc5c@facebook.com,152510,iZ3d_qAU
Seward,Fronczak,sfronczak5d@mlb.com,876833,xW7iFuOKVo6
Nicko,Hebbes,nhebbes5e@wordpress.org,608107,"vA8nP$uI\DT""SO"
Glenn,Brognot,gbrognot5f@dyndns.org,712903,bM2cSS}0|
Debra,Libby,dlibby5g@miibeian.gov.cn,130914,nP9L'+>tv6
Nikola,Twiggs,ntwiggs5h@pbs.org,207303,yP5%%psF
Maridel,Tysall,mtysall5i@phpbb.com,527776,wK148LWvhzp#<B
Camey,Balke,cbalke5j@rediff.com,806641,zO4~nGXt(
