name;last_name;email;code;password
Carce;Gotmann;cgotmann0@cmu.edu;426431;"iLT66`@8""'"
Christen;Davidovic;cdavidovic1@ifeng.com;519048;sPK41+5bz
Ham;Martignoni;hmartignoni2@xrea.com;678743;wIZ54_Feja~8
Simone;Shadrack;sshadrack3@delicious.com;545200;kBN33%3JPvch
Fawn;Shalliker;fshalliker4@godaddy.com;780136;cMA61`EA#!>8r
Valery;Topper;vtopper5@storify.com;727697;rEI42/'13
Clyde;Jedrzejczyk;cjedrzejczyk6@delicious.com;506793;bBN93'8v6WP3Ib.
Clement;Palmar;cpalmar7@zdnet.com;446327;mIQ91%yz
Scotty;Thewles;sthewles8@theglobeandmail.com;452666;cPH03?QlF
Yorgos;Pethick;ypethick9@vkontakte.ru;566863;gWN34#.q!9D=Ul
Ardath;Lake;alakea@nifty.com;637840;oUZ17,nSg
Wendy;Coultard;wcoultardb@cafepress.com;594073;eSH29$#`kKZo5b|
Retha;Giraudat;rgiraudatc@simplemachines.org;535036;bDM75!U}D)E
Skye;McIlroy;smcilroyd@shutterfly.com;434021;mTC65<fLKFEG>?
Stefan;Dashkovich;sdashkoviche@pen.io;541608;"yZY00{`vn""lAn"
Silas;Trimme;strimmef@dropbox.com;739125;"pGE47{lk"""
Angela;Ganniclifft;aganniclifftg@imdb.com;422030;aGP99#JMq#
Andonis;Ardley;aardleyh@1und1.de;645681;fCP81$xxvj85Ls
Zilvia;Cardinal;zcardinali@seesaa.net;564986;uIC66,EEAJa8y`Nr
Fidela;Willshee;fwillsheej@gnu.org;400431;oGE41(+~
See;Paskin;spaskink@posterous.com;689441;yHQ19>wcGaU5ZM|y
Cordell;Imlacke;cimlackel@goo.ne.jp;779804;uSW37$dod@=OhM6D
Guido;Neljes;gneljesm@state.gov;498342;wLZ06\UP$Db{b<
Domingo;Marham;dmarhamn@about.com;749946;oYX38=q$>hgV
Gerianna;Ubank;gubanko@archive.org;548402;pSC85%&w
Morgun;Sulland;msullandp@google.co.uk;462855;uPL80~D/5k1xM{
Coralyn;Auden;caudenq@patch.com;570912;hHM29`IkQQwWb~
Patsy;Fettis;pfettisr@stumbleupon.com;420678;uTG93&~|YU6+
Nikita;Linde;nlindes@reuters.com;525266;wRB39}C9u>'
Jerry;Camier;jcamiert@earthlink.net;442573;rCJ41{yJj
Jana;Klimkov;jklimkovu@blog.com;411071;"iAX76""9Aqp@"
Samson;Crosscombe;scrosscombev@prweb.com;657490;"bKS71""$wsChqobN"
Violet;Pirt;vpirtw@disqus.com;520633;qLA76=e4FGAV
Grenville;Camden;gcamdenx@tinypic.com;717510;aUV80\?Y
Brynna;Grono;bgronoy@china.com.cn;684691;bLT72>!#3
Raffarty;Trengove;rtrengovez@homestead.com;627302;cHI43<DJ?&
Margette;Aykroyd;maykroyd10@amazonaws.com;765563;kWJ11_t4aCih
Jermain;Vasilenko;jvasilenko11@paginegialle.it;606393;wII52?>=p8K>YV}
Aubrie;de'-Ancy Willis;adeancywillis12@g.co;552482;tCL29=hp2+83mg
Nonna;Chritchley;nchritchley13@geocities.jp;464377;iAJ40%Lo
Tobin;Slipper;tslipper14@dell.com;611627;xIZ40)x`nNx){+
Madel;Fraczak;mfraczak15@infoseek.co.jp;575886;kPL43%)G}DNXa9pn
Deloris;Bunston;dbunston16@wix.com;598992;tSP56|sgsl%d2f&
Ludwig;McKimmey;lmckimmey17@google.co.uk;786099;uJB85+}\=`>
Felicio;Greep;fgreep18@t-online.de;403841;rGK67`{c
Zahara;Falkinder;zfalkinder19@ameblo.jp;719950;bTF07,ldvp\A%
Elicia;Inglese;einglese1a@harvard.edu;576344;vAQ95=Xt7dO.V
Jessamyn;Rathmell;jrathmell1b@paginegialle.it;710729;gVP64*`V
Courtnay;Boxen;cboxen1c@jiathis.com;574529;rQO31~`Kg!hRI
Esme;Trappe;etrappe1d@pbs.org;465864;tUJ61*&j_#
Kelly;Durrand;kdurrand1e@who.int;629483;cNX92,*JGhb
Cyndie;Slemmonds;cslemmonds1f@spotify.com;555983;iFQ10`T,
Laraine;Bick;lbick1g@cbslocal.com;782829;gJQ52,BJx8
Willetta;Esome;wesome1h@jiathis.com;619992;aUA87>(w2Qo
Sonnie;Stigers;sstigers1i@ibm.com;636104;sTQ90)gAbC>PF
Goddard;Monard;gmonard1j@chronoengine.com;456181;mSN59{|'Fg~J3qgu
Gordie;Bearfoot;gbearfoot1k@tuttocitta.it;492241;zGY79\X8Q
Madeline;Goodee;mgoodee1l@cloudflare.com;781548;fWU81<\O|C
Isidro;Loveredge;iloveredge1m@slashdot.org;500740;"xJC19*71t""_b"
Inna;Timmens;itimmens1n@sun.com;738698;zYR84#J{3a='c
Beth;Blaydon;bblaydon1o@mit.edu;619999;sDB87)H'
Guntar;Huffa;ghuffa1p@psu.edu;670377;vOS19@.hJ@
Hurlee;Jezard;hjezard1q@blogtalkradio.com;401548;"mXX23>q.n\}""'*"
Waverley;Chesson;wchesson1r@slate.com;630323;iNZ26%'h9URM
Malanie;Paeckmeyer;mpaeckmeyer1s@plala.or.jp;778871;hVV32&B+j/Mw
Lucky;Gleadle;lgleadle1t@opera.com;641514;oNN21?*bI8!
Lotte;Ajean;lajean1u@ted.com;446889;xFU06'a}
Daryl;Daal;ddaal1v@feedburner.com;717560;rKU30.6LF6)k~6i2
Pavel;Winterborne;pwinterborne1w@wisc.edu;645176;eFW58$~%4
Rora;Brimfield;rbrimfield1x@boston.com;743048;wCC52%1u&ldZ8j
Sheree;Britland;sbritland1y@meetup.com;582772;sWS38$G7F~&*1E#
Mercedes;Blamey;mblamey1z@ted.com;737998;eHD03\8Dy7,NRW(u
Hillary;Reagan;hreagan20@vistaprint.com;753787;iPY79`wh
Xavier;Nurden;xnurden21@printfriendly.com;764516;wZB99>xH~9I8%i
Aida;Skeels;askeels22@guardian.co.uk;681666;nXI04>JDX2J
Clayson;Reith;creith23@goo.gl;613144;"iKT75""~(FV"
Diane-marie;Richardot;drichardot24@google.pl;464401;eWG47!if@=bQf1
Maison;Mitchelmore;mmitchelmore25@fotki.com;650956;"wAQ96""u{,/"
Jess;Pimmocke;jpimmocke26@t.co;720783;bJJ26='WVpd&iOEk
Eduard;Laity;elaity27@typepad.com;669023;vLT13*~m@V
Kyle;Castagne;kcastagne28@europa.eu;535935;kOB61$l6FdcT0{|<
Jeremie;Rennick;jrennick29@hubpages.com;600122;mUL07<fm0?)mR
Jon;Challicum;jchallicum2a@tripod.com;701384;xYN02\p'{1oPl\O
Corrie;Fancett;cfancett2b@nbcnews.com;657422;oDB64*b5
Osmund;Aronowicz;oaronowicz2c@sciencedaily.com;429381;dTZ12>D>7|
Chloe;Dobson;cdobson2d@ebay.co.uk;451869;dIG43>(#X!6
Henri;Goracci;hgoracci2e@blog.com;430908;lOO32~AJtHgPbj
Sullivan;Jansson;sjansson2f@163.com;736039;qCN06\MzB\
Leeanne;Ragg;lragg2g@dailymail.co.uk;671452;sCE21%!MQ@C,
Marla;Acory;macory2h@illinois.edu;487874;qDU68|HhHu655s>.
Shaylah;Boote;sboote2i@accuweather.com;471600;yNQ37/W/t'G2bGt
Lira;Ingram;lingram2j@mac.com;484458;"dUY08,?EU""x=\"
Sunny;Triswell;striswell2k@ebay.com;737216;qHS58~xPg`X'785
Zola;Lynas;zlynas2l@google.fr;521546;mUO38{limod1M1
Brear;O'Looney;bolooney2m@theatlantic.com;462142;yYB72+es|vg9A?
Lorrin;Burberye;lburberye2n@prlog.org;422268;qHF63!%5fS1
Emeline;Emson;eemson2o@moonfruit.com;471897;pSJ74)bg
Danni;Spilling;dspilling2p@example.com;608756;sNS95}crTS_ngI
Susan;Waterfall;swaterfall2q@joomla.org;753012;zKL99@*{
Leland;Wragg;lwragg2r@jigsy.com;726388;qQP98~TP)FQd.'{r
Hermann;Rosenqvist;hrosenqvist2s@mozilla.org;762466;jRY78?1hCK\9Gr8
Florian;Vannozzii;fvannozzii2t@disqus.com;602967;hOR83.PSxO
Moll;Lead;mlead2u@linkedin.com;428825;iJD73(Y7
Byran;Clavering;bclavering2v@hc360.com;526058;tKW34+|w
Karlee;Kintish;kkintish2w@vimeo.com;401045;kNC55(FJo(d62ZB
Rudiger;Morphew;rmorphew2x@sfgate.com;491544;eUA81,U1pV|
Channa;Eborall;ceborall2y@webs.com;706236;gLU43*<\+<n+gIK
Leo;Rutigliano;lrutigliano2z@goo.gl;753742;yWH51#Q&
Cornie;Gainsboro;cgainsboro30@theglobeandmail.com;723218;eUX73#qd%?J@\O
Kippy;Camamile;kcamamile31@skyrock.com;666225;xBO44#$W4ICG3n
Adelina;Phaup;aphaup32@drupal.org;796584;"rKG67~Gg>""7"
Garey;McCreagh;gmccreagh33@blogger.com;580066;bTE27>#M3S64a
Gisela;Hallibone;ghallibone34@booking.com;529740;zYL74=8SV=Gpq`
Eada;Airton;eairton35@shutterfly.com;574327;gJB51+ht}qnoc1~
Rodney;D'Angeli;rdangeli36@cloudflare.com;475740;bEE14#QwOwA)UtH
Eleanora;Dimitrov;edimitrov37@amazon.de;441090;oPD12=%W}S
Clotilda;Druery;cdruery38@marriott.com;645569;bLH15,S,JX
Terra;Buncombe;tbuncombe39@sitemeter.com;568334;tWL10$C?r1
Hally;Harrow;hharrow3a@japanpost.jp;555686;vAB40#o#STL
Cacilie;McRorie;cmcrorie3b@ucla.edu;740504;cGG57_@4js?_NPi
Derward;Adey;dadey3c@dailymail.co.uk;597591;yAE56|I`n?O)
Wittie;Edwicker;wedwicker3d@amazon.com;729873;sQA56#I%Z>
Ximenez;Robben;xrobben3e@plala.or.jp;586114;iUR96%3c
Kelcy;Oxterby;koxterby3f@deliciousdays.com;728975;sLB40!o9)E
Edythe;Simioli;esimioli3g@tamu.edu;748579;oUB58<\UO76T/C
Freeland;Papaminas;fpapaminas3h@lycos.com;508004;lNQ26@+5dayS
Mendy;Klimek;mklimek3i@va.gov;655257;yKF16)!Ek&N
Danyette;Hunnisett;dhunnisett3j@instagram.com;460423;zRN14$8AB5eY%K
Teodora;McCulley;tmcculley3k@answers.com;688425;xQT17_3bp<K
Gare;O'Doohaine;godoohaine3l@canalblog.com;725738;nUU41{zu!(Ra5
Letizia;Deaconson;ldeaconson3m@ifeng.com;419686;"jJZ83""e,?"
Alvina;Spellward;aspellward3n@arstechnica.com;580188;bLA54}J<`I!c\//=
Consuelo;Hudd;chudd3o@utexas.edu;742157;bMA92%(l$7
Grove;Millberg;gmillberg3p@lycos.com;701186;"qBX39<dG(""I)Imod"
Aura;Weinham;aweinham3q@thetimes.co.uk;722353;"uJZ35""e)w76l0"
Flem;Wanklyn;fwanklyn3r@blog.com;631764;uJS56?pnNq4,
Prue;Cavill;pcavill3s@quantcast.com;611738;lCG25.)y~,($w4g{
Klemens;Twinning;ktwinning3t@symantec.com;677643;iVJ83<}=
Goober;Glyne;gglyne3u@cbslocal.com;629764;vSS24`%#,!6?
Cele;Posselt;cposselt3v@eepurl.com;609637;tVP54$}~
Edith;Acland;eacland3w@sun.com;698858;"zCZ00!"">O*k1"
Clemmie;Olekhov;colekhov3x@miibeian.gov.cn;493901;mWK57.Muka2C|$u
Conrade;Gilchrest;cgilchrest3y@hugedomains.com;415626;eAU09'6%56q@
Boony;Thomson;bthomson3z@gmpg.org;560095;iVI54/+6)I5km
Redd;Jiroutka;rjiroutka40@bloglovin.com;711829;lZN83('K$D7%
Kingsley;Paddison;kpaddison41@yandex.ru;540832;bZQ74&YW?h
Neala;Kelledy;nkelledy42@elegantthemes.com;464606;mZW22&F_|M
Hernando;Wainer;hwainer43@cnbc.com;629578;jKR48>!$ZRE!PCF
Kevon;Goldspink;kgoldspink44@cargocollective.com;661774;"tQQ84""DCYm.=2w"
Lynelle;Halliday;lhalliday45@who.int;744502;bPD19@MAhLB@
Stevena;Emby;semby46@dedecms.com;439271;bMA79_~4r
Elwood;Guion;eguion47@whitehouse.gov;680118;iKP11_4w
Jennie;Eldridge;jeldridge48@qq.com;546475;cUU98~(5ycU
Garold;Kirvin;gkirvin49@ustream.tv;633300;fWF42$7LdGU
Kristine;Teodorski;kteodorski4a@comsenz.com;638367;wDH29{TRDr
Alice;Ramsbotham;aramsbotham4b@amazon.co.uk;776899;nTM24|gpm
Rubia;Danielsen;rdanielsen4c@smugmug.com;786398;oHW73,lojW*Kc
Belinda;Waldera;bwaldera4d@bloglines.com;669092;jOU18.|d
Masha;Creus;mcreus4e@foxnews.com;680672;sFX54\f}*9GMY
Avis;Cuardall;acuardall4f@prweb.com;464383;lBU59%&2$?V
Lynn;MacNalley;lmacnalley4g@stumbleupon.com;484315;wND29+.u_2)f
Adams;Haycock;ahaycock4h@cbsnews.com;529403;wVY81,GA?@
Dael;Auger;dauger4i@mapquest.com;605347;vJE55<@8s6Q
Nance;Osipov;nosipov4j@dell.com;696251;bIL11>$BQWe
Amerigo;Lunt;alunt4k@cyberchimps.com;679779;"gGN61<@6Y(""F"
Gilbertine;Jermin;gjermin4l@drupal.org;617582;kYB85=UNA
Wit;Poole;wpoole4m@wikispaces.com;788863;dTY57+<kyRz|#*e
Mischa;Tupie;mtupie4n@imgur.com;634970;pBT18'~RU!.m!G
Tanhya;Bothen;tbothen4o@microsoft.com;483339;"uHP42(k~x""9r"
Bride;Penzer;bpenzer4p@cdc.gov;688972;wWU48\@C>aJ~2
Lynette;Gowry;lgowry4q@nature.com;539530;"dKH42}h""h89={~"
Matias;O'Brian;mobrian4r@ed.gov;574290;kOP23$$bTrat+)>
Chariot;Etridge;cetridge4s@utexas.edu;762932;vSF30,UeV
Ignaz;Bailie;ibailie4t@twitpic.com;540944;hHC79.@KHR0
Reynold;Yepiskov;ryepiskov4u@java.com;661440;xYV32,m{VqnOy
Othella;Tythacott;otythacott4v@yandex.ru;701807;yUC25)VVRcx@M'h
Cinda;Adshad;cadshad4w@posterous.com;628771;hMH13%Syot1
Marysa;McInteer;mmcinteer4x@furl.net;487078;"bEW96*Xv""y9?D0k"
Lincoln;Tippett;ltippett4y@cisco.com;778482;kQX90|eP
Inger;Ketley;iketley4z@purevolume.com;493007;zYG29!?@
Kevina;Poupard;kpoupard50@tinypic.com;647379;iFH87`Ts+
Iolande;Patterson;ipatterson51@bloglines.com;639181;gFZ45?\Q26
Ronny;Mewett;rmewett52@github.com;517648;fUH00=`O
Amory;McCuffie;amccuffie53@si.edu;720439;xKT38%6<Zi>t
Archer;Pieters;apieters54@ted.com;717159;jSI23>?%2a_rB+pD
Serge;Windsor;swindsor55@stumbleupon.com;674968;eBG30'YDZ_`pm
Keefer;Loache;kloache56@ed.gov;716248;vFS60|Nb*8q|FnK
Aurthur;Cleaver;acleaver57@about.com;779823;nDP20*F@{BjZGZ
Ashlen;Dougliss;adougliss58@princeton.edu;569375;jNL64>%~YJgzc
Anthea;Evison;aevison59@studiopress.com;506004;pWT50!\UId=tBr0I
Westbrooke;Reckus;wreckus5a@webmd.com;403105;tRL98.ME$J
Dewitt;Blewett;dblewett5b@marriott.com;767090;zMT48\<.
Em;Mingauld;emingauld5c@pen.io;541177;rWR16,3tg'3>0!
Cleavland;Dewer;cdewer5d@epa.gov;581147;rOD16`#$Zi8O?
Baily;Tallowin;btallowin5e@arizona.edu;659709;yDQ53*)ZH
Clementius;Kilius;ckilius5f@opera.com;767823;"gSC86""DCNG3SeI"
Raynell;Quinsee;rquinsee5g@umich.edu;713114;uZK25&,(B0P*O8
Salomi;Kringe;skringe5h@soup.io;718556;pAS34&@TVlYuW)o
Sanson;Byrcher;sbyrcher5i@umich.edu;681354;iEV41<*8fg0
Oby;Owen;oowen5j@adobe.com;641061;oEI40=_g|.iV
Egan;Schuchmacher;eschuchmacher5k@g.co;438794;cBD05<W%5@f{c'C
June;Burgoyne;jburgoyne5l@noaa.gov;691850;vIE72/mcK00C,
Shanan;Aujouanet;saujouanet5m@meetup.com;649793;iVT00,64p$td{
Wini;Lefeuvre;wlefeuvre5n@disqus.com;534704;gEZ82?fL0v3r#<8k
Layney;Summerrell;lsummerrell5o@networksolutions.com;497531;uCN24$*0sm
Aubree;Iashvili;aiashvili5p@is.gd;607617;vEX35/)2T=uF
Upton;Bazire;ubazire5q@etsy.com;558221;xWV47'&c39jj
Alexia;McAnellye;amcanellye5r@deliciousdays.com;499240;yIX21>_2
Tiebold;Mattaser;tmattaser5s@jimdo.com;598361;qLI49?~'9>'
Kristo;Pattillo;kpattillo5t@feedburner.com;462682;"aBK17""N~mGG/S09o"
Maximo;Carvilla;mcarvilla5u@globo.com;646788;cQK22`\GvqAU
Meredeth;Hellens;mhellens5v@gmpg.org;552989;yNH95`f+Ai
Elnore;Marieton;emarieton5w@booking.com;417295;cGG90$Cfd*
Huntington;Daughtery;hdaughtery5x@spotify.com;584893;yMS37`N~
Conny;Vondra;cvondra5y@soup.io;543802;vSL58){f#Xh$dQ
Alessandra;Heinecke;aheinecke5z@java.com;735766;ePM54%e?H2`3T.r
Clim;Tegler;ctegler60@goodreads.com;445990;"mEN64=qR8""&m"
Sterling;Moxley;smoxley61@clickbank.net;778321;jXM57*6@{
Elden;Borland;eborland62@twitpic.com;530939;pST41<3@yE
Fina;Norker;fnorker63@reddit.com;610993;yLK45.,b)_o}0
Skyler;Bolin;sbolin64@jimdo.com;506310;lGD02.ix@
Ninon;Maslen;nmaslen65@utexas.edu;738293;qYO84%4t&rc
Donnajean;Alelsandrovich;dalelsandrovich66@clickbank.net;454582;yHR01'@M
Audi;Grute;agrute67@ask.com;609618;uIP58,vRsHG|Q~
Jay;Vodden;jvodden68@mashable.com;492590;wUS73<HAx`5ASa
Clemente;Jandera;cjandera69@stanford.edu;475570;hNU37!!y
Dag;Epps;depps6a@slashdot.org;557112;xDE50|C)B|
Torrence;Hritzko;thritzko6b@devhub.com;447149;cBI19.p}aadTt
Angelia;Skune;askune6c@pcworld.com;499314;"wXN78/v""L"
Lora;Tully;ltully6d@ifeng.com;531207;tWK20)x|t>uA?*K
Catriona;Peebles;cpeebles6e@diigo.com;768318;lRC87+%f!xSxPtO{
Herbert;Milberry;hmilberry6f@jimdo.com;513871;hCP44#eW
Abbott;Gilffilland;agilffilland6g@google.com;578690;"oAI07<(>""'|Bbu"
Ase;Trowsdall;atrowsdall6h@ihg.com;612728;"iKB20@""S0im?Mm"
Alexandr;Ivashchenko;aivashchenko6i@pinterest.com;743913;wED91|Ie@.oc4sZ
Moritz;Popley;mpopley6j@yale.edu;710885;wRX82%?FodM#kQz
Merrie;Gillebride;mgillebride6k@accuweather.com;465469;qAK03_fE9Y
Ivett;Dyer;idyer6l@ted.com;625781;fSU95#lBF1F{=R
Rickard;Wellard;rwellard6m@bluehost.com;744184;cKV32|o7>esXOdvO
Tawnya;Shiers;tshiers6n@narod.ru;468307;eWT69,,0CDUL|
Morena;Slyvester;mslyvester6o@behance.net;548486;eYT53%K$?_A
Tanney;Aldiss;taldiss6p@icq.com;721547;qCQ54`8>k3yDZ10p
Myrtia;Cogswell;mcogswell6q@nba.com;733206;zBH67'x.
Gloria;Chasmer;gchasmer6r@scientificamerican.com;500804;lSB76{R=#/3nYGi
Domenico;Custard;dcustard6s@exblog.jp;581985;kXL20!VQTN}*Ag
Kelci;Gittose;kgittose6t@sogou.com;763258;zGN66,E)
Nikolos;Brackley;nbrackley6u@bbc.co.uk;414222;hKS44|j$@e
Noelyn;Sang;nsang6v@plala.or.jp;582297;"fTI82?r%O/,Q$O"""
Mallissa;Ferandez;mferandez6w@thetimes.co.uk;757250;aQU34%Rs/
Michail;Gillaspy;mgillaspy6x@bbb.org;756624;pHF83(z0p.r/8w`X
Leigh;Kondratyuk;lkondratyuk6y@geocities.com;776763;tFV58$I)X6zS7
Ranice;Judson;rjudson6z@de.vu;656401;mYJ60)zfqfw
Stephen;Wilkes;swilkes70@hc360.com;500359;fGD21<UX'#+AwItM
Craig;Syvret;csyvret71@jigsy.com;639227;uEM89$Vlw4LR_
Cathy;Alflat;calflat72@jalbum.net;588062;kGA59}g2{oV{
Leonhard;Pereira;lpereira73@woothemes.com;733312;fIX58$$o&=
Rebekah;Byrnes;rbyrnes74@wisc.edu;587644;cWN09)%)c6|f\y
Chicky;Pippin;cpippin75@163.com;543893;yWJ29'fXsyU?gAC
Mahalia;Robinet;mrobinet76@webnode.com;739415;aNZ84|\DCU\*b@
Ennis;Ram;eram77@vinaora.com;591358;"nOM42&>2bq""\R"
Drew;Siggin;dsiggin78@weibo.com;743812;gOY94|eTc|+I!(
Lana;Levine;llevine79@amazon.de;766046;xFH80{(6(
Crissie;Capper;ccapper7a@dagondesign.com;633281;"oJG63%Fo(Hv""C*Eo"
Dalia;Van der Veldt;dvanderveldt7b@sohu.com;571427;pLI88&$TDyVJ
Dyna;Delgardillo;ddelgardillo7c@qq.com;430065;fOR90'uA{~I,Sh
Jenda;Ben;jben7d@hatena.ne.jp;735749;lEW69{BekWAkm
Berton;Gustus;bgustus7e@qq.com;632995;iTV18<AA3e
Cassius;Delahunty;cdelahunty7f@topsy.com;539042;mSL61~iZnp)
Druci;Growcott;dgrowcott7g@guardian.co.uk;694604;lBL22{Hx&!.6
Maryjane;Meredith;mmeredith7h@mtv.com;761865;uCD18@6+.jAC%$9
Roberta;Ells;rells7i@reverbnation.com;502567;rVN89~1lH+
Sandi;Gooden;sgooden7j@exblog.jp;737222;jDU92.nBNf?QeDIY
Demott;Nys;dnys7k@prweb.com;684357;"wHQ63<s?T"")\THL"
Farlie;Wakes;fwakes7l@blogs.com;458223;bRZ74%I}o
Fernande;Mence;fmence7m@goodreads.com;511962;qOK05(bP4
Axel;Mackneis;amackneis7n@com.com;633941;jFP69+Ro<.=*EG()
Bonnie;Ziemens;bziemens7o@auda.org.au;517248;mDE61>l?G>F
Dennie;Harder;dharder7p@harvard.edu;452904;iLZ41!bKi|C
Sacha;Delyth;sdelyth7q@addthis.com;406417;tMU41~XQ'9%Ua9D
Holly;Tenman;htenman7r@home.pl;453759;zAW82|E4.C*TG
Chadwick;Dowdney;cdowdney7s@networkadvertising.org;725047;uQM01(6aXD`
Rand;Roll;rroll7t@joomla.org;433609;eBI70@*\XwmIFJ
Violante;Driffield;vdriffield7u@sbwire.com;679984;qVY08<U84CE
Caresa;Rosenstengel;crosenstengel7v@mit.edu;458013;yDV78*aF
Adriena;Absolem;aabsolem7w@github.com;421596;yGJ67$}+X.FD
Umeko;Normavill;unormavill7x@newyorker.com;614133;fBD45'SJ
Josh;Parkes;jparkes7y@ft.com;664597;qOW27*saBR
Jackie;Gillaspy;jgillaspy7z@salon.com;483372;zCC04&o'jplpa+U
Adel;Corrett;acorrett80@yellowbook.com;754336;oSX32`$2_h
Novelia;Nursey;nnursey81@mapy.cz;483453;oCC54&~Ah(d(
Leo;Jardine;ljardine82@netscape.com;782994;pEU67,8/g>J
Tess;Buncombe;tbuncombe83@issuu.com;452538;"oRT32>/d""x%ts"
Ara;Ferandez;aferandez84@wunderground.com;522368;jTQ29?\n>QV{PW
Alice;Yorkston;ayorkston85@xing.com;746825;nNP39'Bx1LH8zb
Jory;McLeman;jmcleman86@patch.com;722852;zJX91$$WS_d
Arluene;Nenci;anenci87@t-online.de;749007;qXC40{H,$w<~yZ
Zacharias;Aaronson;zaaronson88@networkadvertising.org;733960;pOI86`X!Lu
Cecile;Macari;cmacari89@sina.com.cn;630274;aUT52=GtvBv
Will;Ritchie;writchie8a@theguardian.com;491239;gIG68_xB83D.
Chandra;Iverson;civerson8b@etsy.com;652958;mMI03$dBc6o,
Marcello;Gerrard;mgerrard8c@google.pl;678720;sVZ86&Duo0\yCGD
Carolin;Girodier;cgirodier8d@paypal.com;701591;xUZ28$89KDomIM
Brandtr;Edowes;bedowes8e@noaa.gov;638434;vJY82<E@sx
Vannie;Misson;vmisson8f@nba.com;567614;jKS86}iu+P9<(X@
Angelle;Lamond;alamond8g@cbslocal.com;534528;zZT42,3w
Jamey;Wride;jwride8h@etsy.com;783666;qAQ58(nc+aUC1
Anders;Creswell;acreswell8i@php.net;741705;"wIG89!~?|Q<""\iz"
Bonni;Hugnot;bhugnot8j@google.co.uk;772089;"qNM10'6Q""dg"
Shandra;Leslie;sleslie8k@i2i.jp;488414;yMH22*#V~Lf.N
Curcio;Dunklee;cdunklee8l@github.io;720094;fVS41}PMKYCGr{.=
Gilly;Corah;gcorah8m@issuu.com;755985;mII74{)3>`%9
Benita;Kenney;bkenney8n@reuters.com;586754;bJE49/=olZAKU
Clovis;Lambdin;clambdin8o@eepurl.com;738571;zKP08!KV3I8
Agnella;Carratt;acarratt8p@guardian.co.uk;435842;aZN47_lXk
Trenton;Stavers;tstavers8q@java.com;705506;fLJ41/SvH53U
Keelby;Forsyth;kforsyth8r@nba.com;748093;oHG51|`*QK#tq
Winnie;Martellini;wmartellini8s@cbsnews.com;797332;iDD26/R1|GK5{U+M
Mable;Titman;mtitman8t@reverbnation.com;612104;tWD35/_`HfM*ML
Beauregard;Starking;bstarking8u@discuz.net;647243;mBN43`SM?%9#XFV3
Godart;Dwine;gdwine8v@hud.gov;675868;mOX01?<TPF&
Ruthann;Wollard;rwollard8w@theatlantic.com;715954;xHW94.xky}oC,1)
Orton;Morrish;omorrish8x@berkeley.edu;726530;kDR80@='N`pGy?O1
Hi;Corgenvin;hcorgenvin8y@ucoz.com;646921;sBI91_O?0e'X<
Anton;Tomankowski;atomankowski8z@hud.gov;798161;bJH66\BJ(N~?py
Peter;Minichi;pminichi90@i2i.jp;506806;gYX59?{2t9_t`cq
Trever;Domke;tdomke91@amazon.co.uk;544681;lYZ48_R.1s
Saundra;Ateridge;sateridge92@umn.edu;432614;eJD02+45Qa+<yW!
Orran;Attryde;oattryde93@issuu.com;646709;iPF43.@!G0\
Bertrando;Kluger;bkluger94@merriam-webster.com;776717;iAY12%&t<O
Vivyanne;Ronci;vronci95@house.gov;500512;"tEX77""Vgqj4|>z"
Martita;Fuzzey;mfuzzey96@photobucket.com;576453;gPE61=gBM'
Karlis;Rouch;krouch97@nydailynews.com;794735;cZN55`=N{P
Sheffy;Greeson;sgreeson98@washington.edu;679857;cCE79.0,yiSX.zz
Christoforo;Mattiussi;cmattiussi99@sbwire.com;710362;cRF13)C`D<
Obadias;Dulson;odulson9a@biglobe.ne.jp;714225;gWL08#{M{bKmxl(%
Romeo;Gasgarth;rgasgarth9b@bloglines.com;790300;zKP94=(b
Terrie;Battlestone;tbattlestone9c@freewebs.com;766935;dKF43%|(
Pooh;Minister;pminister9d@narod.ru;731545;cDA49(i|D
Rabbi;Leggitt;rleggitt9e@yahoo.com;713195;jTX88*}`/W?.qa
Kania;Vondrak;kvondrak9f@cafepress.com;540416;bOU86<TD&z@8~=\
Stormi;Pedrol;spedrol9g@thetimes.co.uk;613977;qVZ56(}c%tY_
Talbot;Maffia;tmaffia9h@economist.com;418714;pPS58*WiXVa
Ophelia;Gollin;ogollin9i@cpanel.net;692685;tQI12$Wgjbivi<SS
Francis;Threadgould;fthreadgould9j@tripadvisor.com;684797;eAP88=P?@aeAP=
Corette;Wilcher;cwilcher9k@google.com.hk;621006;iRA45|\DJA
Minny;Week;mweek9l@ameblo.jp;411062;zKC04~%#v
Leon;Kelcey;lkelcey9m@mayoclinic.com;767649;eZQ73&_'h#_3>UA
Buiron;Orht;borht9n@tinypic.com;613452;aDZ72~E`wHU
Jeannette;Warboy;jwarboy9o@liveinternet.ru;596667;sAT70#r6GC3uS%
Jenda;Clewett;jclewett9p@imageshack.us;625855;pJG50<bfx512
Ferne;Demare;fdemare9q@mapy.cz;504848;tJL27#4+E&J6
Brooks;Peyton;bpeyton9r@reverbnation.com;426460;uML63@`D
Kari;Kenner;kkenner9s@list-manage.com;431337;vTU02\lc
Elonore;Nashe;enashe9t@princeton.edu;674311;aJZ34%Cse
Annette;Winterbotham;awinterbotham9u@t.co;433043;rMU19.o$ki
Gottfried;Leve;gleve9v@un.org;610807;gVJ09{FM/J)
Sybilla;Dundridge;sdundridge9w@amazon.co.uk;465072;fWQ83/Ep@4rqA*Mo
Kelly;Oty;koty9x@craigslist.org;416878;"rJL18\""Ve"
Kennan;Wrighton;kwrighton9y@mediafire.com;744527;yXR00!S6x
Coral;Condon;ccondon9z@dailymotion.com;701628;aJF58%0z/Fw|'o
Sabrina;Jellyman;sjellymana0@home.pl;691315;cJA84)a@eCp
Brandon;De'Vere - Hunt;bdeverehunta1@mtv.com;675946;qXD02=AqCTm
Raffaello;Petrovic;rpetrovica2@mail.ru;793016;qNR74}uaFD6W
Arabela;Quirk;aquirka3@opensource.org;412299;gZJ47,JR2,(JH2Rk
Llewellyn;Janny;ljannya4@princeton.edu;535011;bCW07`j#_\?{`K<0
Odelle;Dryden;odrydena5@ucoz.ru;578630;kGP84!VA`v8dPb+
Thaine;Olin;tolina6@opera.com;473008;mRM30$n'MaBrV0
Sarene;Witnall;switnalla7@sphinn.com;419844;mZA83`NM@yK
Ginni;Hegge;gheggea8@360.cn;684220;qAD24\dDl1NC'
Sutherland;Connechy;sconnechya9@phoca.cz;436758;mDA17*l/sBU@
Petronia;Gurling;pgurlingaa@photobucket.com;421047;kPS20*#=eIw
Ossie;Zimmermanns;ozimmermannsab@yahoo.com;787870;xQS53?%TM
Mahala;Neising;mneisingac@reuters.com;411270;fMD30)I<KT9Y{Q.
Tallie;Broadbere;tbroadberead@google.com.au;433574;pMZ69(54'Uw
Garret;Eburah;geburahae@nydailynews.com;566005;gVS60>H&DLKz3T
Stanford;Haseldine;shaseldineaf@china.com.cn;625397;jHY91/mo
Eliot;Scoggins;escogginsag@fda.gov;624263;lBI01_KvoiG+sdq
Murray;Weathers;mweathersah@biblegateway.com;425376;wKG84*Hj
Birgit;Windeatt;bwindeattai@cbc.ca;436259;"vHF65@AT3szQm|"""
Hertha;Usher;husheraj@1688.com;517629;lUD58>2j@X=1T
Pandora;Gomery;pgomeryak@ftc.gov;701132;iMT64&w@3hn,ab
Claudianus;Brenton;cbrentonal@gravatar.com;727512;qBU54$BZ@1zbgM
Zeke;Davidi;zdavidiam@1und1.de;531899;pCZ70)cDCv1A
Tiphani;Malam;tmalaman@squidoo.com;449873;ePK18)6n(`
Koren;Duffet;kduffetao@weather.com;736569;rYD78/G0Iq_gy
Pandora;Davidsen;pdavidsenap@godaddy.com;596594;sSN30_K,THKDKI
Josepha;Barraclough;jbarracloughaq@is.gd;503633;lKA91{dM.U
Cristian;Seagar;cseagarar@umn.edu;429115;ePZ91>BD')?D
Monti;McRavey;mmcraveyas@buzzfeed.com;686538;qTW17_/!\vys
Dorita;Juleff;djuleffat@yale.edu;572604;hDW38#\j`tz{7`)v
Joy;Denidge;jdenidgeau@goo.gl;782602;yTC77!/x
Alford;Jiles;ajilesav@japanpost.jp;731205;qDJ42)'v)kCBhi_
Faun;Abeau;fabeauaw@themeforest.net;436290;lZA54{)S
Virgilio;Netting;vnettingax@zimbio.com;648968;hDL51=x5lWXnomZ
Dollie;Feldhorn;dfeldhornay@parallels.com;673824;vDH35'a#CH+3J`
Susana;Tokell;stokellaz@sina.com.cn;623071;"zIE12!pqh6Ib8""Ve"
Ase;Wildblood;awildbloodb0@sciencedaily.com;461318;gHD19!h0R|ApIy
Jeramie;McKay;jmckayb1@addtoany.com;589813;oJU19`~zTj6asS
Sergei;Sacchetti;ssacchettib2@accuweather.com;454532;mXC15$5kEH
Ethelin;Szymanowicz;eszymanowiczb3@auda.org.au;447016;bOL42>3*QGs%qS
Antin;Dunckley;adunckleyb4@intel.com;663069;"oGO33`V4""GL$"
Fanchon;Quinnell;fquinnellb5@imgur.com;441180;tDL25+jjn~N?Tz
Valaree;Kummerlowe;vkummerloweb6@blog.com;506875;tNE54}F`W8gc
Reena;Lanon;rlanonb7@eepurl.com;612771;dAU58%Q)wX5gNi}
Iolanthe;Hawke;ihawkeb8@state.gov;666787;mGA80*'OKy$`wm
Shir;Hayton;shaytonb9@goo.ne.jp;415369;jIR79/wMV,)y
Adolph;Goodey;agoodeyba@is.gd;756138;rZZ51<9q}Wxq0D
Kellie;Weatherburn;kweatherburnbb@engadget.com;448483;hAD97?PW8XqJ
Juliette;Corry;jcorrybc@usda.gov;515316;"bKI65/""&<aK8YD="
Sharyl;Muneely;smuneelybd@mit.edu;465401;vIO17!?{\nU's@aG
Larina;Greader;lgreaderbe@dyndns.org;580161;eFB36?cV.\<Gf
Matelda;Purdy;mpurdybf@google.com.br;443344;oVE79@pjg1
Debbi;Durling;ddurlingbg@bloglovin.com;505128;sPE99}~AA&3*2y3
Liane;O'Howbane;lohowbanebh@tripod.com;666038;"nAQ17)""K~')BVu(K"
Neal;Norrington;nnorringtonbi@nbcnews.com;542918;xGX67'l$S
Bunnie;Minget;bmingetbj@ebay.co.uk;794773;wQL53)?/4+&
Trude;Litchmore;tlitchmorebk@ameblo.jp;751826;jIX51+MCOm
Whittaker;Riha;wrihabl@wisc.edu;574834;cER96}IY%l$
Abbye;Marsland;amarslandbm@state.tx.us;790004;hLB77~)K2(,u/aw=
Wilt;Van Niekerk;wvanniekerkbn@linkedin.com;670196;oBU82!a0urjk#|
Althea;Pickering;apickeringbo@hexun.com;575175;rVR09+ORc{9\Nuz
Dael;Been;dbeenbp@statcounter.com;645512;wDA79=h\H%K<()
Haily;McCaughen;hmccaughenbq@fotki.com;707659;xBD43/h/3
Blake;Rival;brivalbr@umn.edu;510747;bSD39\z4kQjxg0
Dell;Krollman;dkrollmanbs@princeton.edu;724108;"pMD27"".Sye@"
Nataniel;Fencott;nfencottbt@oakley.com;622290;mRL72=LoF8
Vanya;Vango;vvangobu@oakley.com;723027;kSI63&3\%D
Bobette;Coopper;bcoopperbv@businesswire.com;506204;uJI52}}B9l{VJ2
Linoel;Cosgry;lcosgrybw@1und1.de;707524;ePF52@&yyW#+<M
Stephen;Crichton;scrichtonbx@time.com;543297;iYK62?\\A_8
Putnem;Berriball;pberriballby@about.me;610213;lEC88'~hD
Hadleigh;Roulston;hroulstonbz@tamu.edu;401777;uEG66@H.y
Adrianne;Geistmann;ageistmannc0@t-online.de;528608;oSR55@ON~ycHOT)*
Reeta;Kivlin;rkivlinc1@umn.edu;627256;lPS69>9Vi7N\(jA
Hyacinth;Aspole;haspolec2@plala.or.jp;461183;gOV61}.n
Bernadette;Viles;bvilesc3@free.fr;429087;lKU39*am\c
Maryanna;Garritley;mgarritleyc4@wunderground.com;682969;sCJ05'3`92yN9Fv
Mac;Plowes;mplowesc5@springer.com;466924;lSX20?5qTcq!
Linnea;Trustey;ltrusteyc6@nih.gov;769600;kZX58\jlxJ?D
Emmie;Boocock;eboocockc7@vinaora.com;769239;"nTK80""2aj>UI*/2f"
Ruthanne;O' Byrne;robyrnec8@ox.ac.uk;460094;iOV51#T=rUJ`>j
Lexie;Stellin;lstellinc9@altervista.org;446586;jBP88,K+{\6F9B{
Flem;Batecok;fbatecokca@state.tx.us;570974;lJN06.`PlSzs
Dolores;Patterson;dpattersoncb@elegantthemes.com;576944;jSJ36!y8xU~t
Clary;Rourke;crourkecc@dagondesign.com;513904;zAI37~VW!?D
Harmonia;Gately;hgatelycd@state.tx.us;473252;rVZ93|a/P\C}4
Bartholomew;Nangle;bnanglece@businesswire.com;654315;"oSG75/KTH61V0""`"
Silvana;Culcheth;sculchethcf@yellowbook.com;648722;gUT47!%_gqrO
Colin;Claybourne;cclaybournecg@devhub.com;432927;yGM77+I)Vb_u\fS
Darnell;Kipling;dkiplingch@vk.com;737760;uZI30{'2Y
Ashlee;Wilber;awilberci@wufoo.com;732215;vVY02\PM6YhAi
Jaclin;Gleader;jgleadercj@dedecms.com;767834;tIT91`vX*FfmVH
Hynda;Jewar;hjewarck@webmd.com;424248;mHY06%aZ
Christian;Machan;cmachancl@feedburner.com;747072;fXA27*2IvHB+&\g/
Sissy;Ready;sreadycm@is.gd;577991;"yOX47""t=}wR"
Aldin;Varndell;avarndellcn@dion.ne.jp;502344;mMN02#.}pUO>t!k$
Mortimer;Henrichs;mhenrichsco@go.com;784774;yLB09+xJ}q)
Sallee;Wines;swinescp@ucoz.ru;452802;eKN70\Yx_`9T
Patton;MacAne;pmacanecq@google.com.au;660824;hFD84_Sy1}4}m
Talya;Blazewicz;tblazewiczcr@tmall.com;461743;oKT62||d8#wLO9
Diena;Schultze;dschultzecs@youku.com;518762;lSF29|uJ.%2'L~
Trescha;Kenworthey;tkenwortheyct@usatoday.com;614072;hRB67'oSu!Z
Hartley;Jodkowski;hjodkowskicu@wired.com;665003;wXR64_{B/jz
Georgeanna;Strond;gstrondcv@ustream.tv;520151;"yLL63\Ur$""`l*}"
Roosevelt;Rosenberger;rrosenbergercw@yandex.ru;608750;cWW40_Uz|4(~xWb2
Mercedes;Pallasch;mpallaschcx@creativecommons.org;490427;lJP16`7bDL7
Davie;Caswill;dcaswillcy@parallels.com;795616;uCF24&sJlk
Shay;Sleeford;ssleefordcz@i2i.jp;756824;xSU66~Awo
Lucas;MacGarrity;lmacgarrityd0@furl.net;427286;wOG19}2hmNa0qQ
Hollis;Lehrian;hlehriand1@independent.co.uk;504196;sBM05=$Qz'N
Felice;Davidde;fdavidded2@amazon.com;590067;oLA86?ej.
Alta;Jertz;ajertzd3@mit.edu;736566;qNG04!S8ifCuQG3
Arlinda;Vispo;avispod4@etsy.com;597830;nAV36?\j.}qwTyYf
Lorna;Sandwick;lsandwickd5@salon.com;775251;qMO73.T>IVeevB&
Mozes;Lammert;mlammertd6@joomla.org;567156;aAL69$BntH!3k
Skipper;Whitmarsh;swhitmarshd7@forbes.com;440874;aDY95.$'VkS6
Ailsun;Skrine;askrined8@huffingtonpost.com;795078;dDW98_4XMB
Vasily;Barth;vbarthd9@topsy.com;778212;wAT23<e<4}$(K>A,
Dew;Duckit;dduckitda@angelfire.com;684789;"tDO93""K}3Eh"
Lorraine;Tant;ltantdb@myspace.com;438341;rXK73!Qk}9rXl}(Y
Nels;Cursey;ncurseydc@mlb.com;542107;xKR27*ic
Kevon;Goodbairn;kgoodbairndd@pcworld.com;443535;"tGO28$""4cP@"
Lyndy;Loalday;lloaldayde@digg.com;623538;bIR36}p+Rb&KCgWd
Thomasin;Sives;tsivesdf@geocities.com;602152;xFH63$kDS
Scarface;Vanichkov;svanichkovdg@ibm.com;556469;mIS79{nr&
Zebedee;Lodge;zlodgedh@ebay.co.uk;629746;fGZ91+Lr,nVg{e
Kristine;Maylard;kmaylarddi@bing.com;443385;cSA24>a+4y<12#$
Julian;Metcalf;jmetcalfdj@ihg.com;623588;hLK23,h7)#JGR
Teressa;Caudelier;tcaudelierdk@sbwire.com;556927;"aDY81&4""8>"
Else;Nutty;enuttydl@ocn.ne.jp;577573;qUZ55_Q\zpGyIbZF
Joanna;Marrison;jmarrisondm@myspace.com;467924;dNO47\S96V2iGxZ2
Eimile;Treat;etreatdn@umich.edu;796624;vEI73#uiXd)BEod
Marketa;Levick;mlevickdo@wikipedia.org;791961;bZC85+/<`ZfKPq
Reina;Ceccoli;rceccolidp@webeden.co.uk;519736;iMC88{o#pcgl</5i
Trish;Hannond;thannonddq@a8.net;607052;eRH27|b$vx
Shandy;Nibley;snibleydr@cam.ac.uk;509999;oUG40_*'
Culver;Josse;cjosseds@phpbb.com;775094;"jVF55%_u""rq<'_0I"
Lena;Damato;ldamatodt@yahoo.com;530948;zBU34!A}E.t
Dylan;Eton;detondu@nydailynews.com;516942;"qTP51+m""3I"
Abramo;Boundey;aboundeydv@amazonaws.com;649378;nMO23~XJ?
Elias;Julian;ejuliandw@timesonline.co.uk;726269;uST09.vu*s2$
Cesaro;Kempster;ckempsterdx@elpais.com;405798;"yON30'7}?""gz"
Ellette;Brimham;ebrimhamdy@hatena.ne.jp;791462;qQI92=g+y5PE
Claire;Passmore;cpassmoredz@ebay.com;648703;pAD38@fz9
Kristi;Preece;kpreecee0@squidoo.com;603191;hNQ86?PgSsYwqr
Marilin;Meric;mmerice1@umich.edu;799294;dHR04$Noh!u+m7
Gasparo;Jump;gjumpe2@trellian.com;626758;vKE71!PAi)
Leonelle;Jindacek;ljindaceke3@moonfruit.com;614638;dUC10,Z.jkOOd~
Nanice;Poser;nposere4@sun.com;776463;zYY79@?C\%=
Pyotr;Burfoot;pburfoote5@so-net.ne.jp;743029;nZR19>z'P
Ali;Kilalea;akilaleae6@apache.org;689345;"fAK57""6ZR8J'"
Curran;Jeandot;cjeandote7@seattletimes.com;759826;"iJV68""L'"
Ximenez;Myatt;xmyatte8@blogspot.com;542697;pHN05$c>Wt
Adrianna;Astie;aastiee9@gmpg.org;700144;bPZ65/<5
Nicky;Vitler;nvitlerea@google.it;643884;nUW02.I?uwNxt
Jorrie;Alphege;jalphegeeb@digg.com;617556;sLH89`FJ%+ma
Orran;Copper;ocopperec@yandex.ru;469597;"aWA41+Z)$""E)2"
Veronike;Benard;vbenarded@amazon.com;584271;kEA71*`g
Laurette;Kynvin;lkynvinee@un.org;620507;iSW21.j~
Alie;Wainscoat;awainscoatef@about.me;770954;bNP38'`E
Ragnar;Mitchinson;rmitchinsoneg@taobao.com;605105;bIE77)C&dOH
Celia;Jopke;cjopkeeh@jimdo.com;435002;rGE95(<5*im+6E$
Peadar;Copplestone;pcopplestoneei@state.gov;410543;lDA84/>x
Suzann;Rachuig;srachuigej@e-recht24.de;576607;bNX59|3Wq!Q8nx
Dionne;Vick;dvickek@mac.com;668705;"tGG98""PoTt5B>RUN"
Kania;Wrathmall;kwrathmallel@wordpress.com;550098;"nUU68=%1zG(""`IOH"
Odelle;Schukraft;oschukraftem@weibo.com;492904;vWT24.ZGsx
Nathan;Goodspeed;ngoodspeeden@typepad.com;637054;nJT25$J9$fqz
Iris;Eastby;ieastbyeo@narod.ru;520934;iKW29<uHM0pz$~M
Derril;Fairholme;dfairholmeep@technorati.com;514985;bBV46\mwIrU>m!r
Cornie;Matfin;cmatfineq@mysql.com;789414;pZA44>%C
Constanta;Meneer;cmeneerer@reference.com;743922;"mII05""0XbkwVj"
Livvie;Chree;lchreees@clickbank.net;506837;gNV86'#k{k7CX~
Shea;Saldler;ssaldleret@who.int;605615;hCZ49)PUi
Carlos;Stanborough;cstanborougheu@wunderground.com;603790;aYY60@S|<Lb
Bernardina;Brockington;bbrockingtonev@craigslist.org;450549;aWA56|{~,NqRX
Harland;Wilsee;hwilseeew@nasa.gov;438345;jXE17_OKs~
Carlyle;D'Adamo;cdadamoex@mashable.com;544549;vSW56)2ZPz37ps@X
Biron;Grestye;bgrestyeey@parallels.com;665447;aJC55@P7D{$r/_}N
Alaric;Alexis;aalexisez@admin.ch;793441;hLR41>qtxs8
Zoe;Hugenin;zhugeninf0@purevolume.com;684832;xPF09!Ub),K,V
Daria;Braznell;dbraznellf1@domainmarket.com;513931;yPY02&a{g,KPK
Austin;Paudin;apaudinf2@wiley.com;549761;iOZ99`$s8u
Herta;McWilliams;hmcwilliamsf3@deviantart.com;546438;aWE49@Iw\
Liv;Pidwell;lpidwellf4@abc.net.au;548053;eSQ77.=(
Cullin;Whitwood;cwhitwoodf5@gmpg.org;442939;hQC82>OYx$ngf
Myrtle;Pressland;mpresslandf6@sfgate.com;716459;yCL95_S=
Rikki;Moss;rmossf7@alexa.com;583427;"jLO99<cc+(!""/ryd"
Michel;Millington;mmillingtonf8@purevolume.com;425175;iST18(qg6X|
Margit;Meaney;mmeaneyf9@goodreads.com;415020;"wRT86#!r++#""aJ8j"
Dawn;Langdon;dlangdonfa@nbcnews.com;583207;nCL54+|a&6HbxFXu
Karrah;Bartolomieu;kbartolomieufb@npr.org;703158;gBE24&ou+V$
Afton;Sarvar;asarvarfc@ed.gov;411437;gDW86~i6ykm(
Dalton;Nary;dnaryfd@wordpress.com;729023;kMD66(vl\
Wilmer;Dunbleton;wdunbletonfe@pbs.org;500926;"rNU31""VsYF"
Helenelizabeth;Champken;hchampkenff@wix.com;488325;cAI62&w?
Jeniece;Randle;jrandlefg@clickbank.net;475789;pSN18(*BsV
Eldridge;Faircloth;efairclothfh@networkadvertising.org;611939;oQH00@Vp`(%iYYO
Bertie;Keaveny;bkeavenyfi@4shared.com;578818;eXK79={Dv=
Dotty;Maystone;dmaystonefj@amazon.de;705334;yCZ28.B6Ir
Juliane;Pitrasso;jpitrassofk@acquirethisname.com;775619;rWH61?8v1pa}4U
Vanda;MacCafferty;vmaccaffertyfl@about.me;523396;wJR69*aq
Caril;Madelin;cmadelinfm@histats.com;583812;bJY61'6@GjA
Gilli;McGivena;gmcgivenafn@about.com;489505;ySY26~H_L
Mathian;Libbe;mlibbefo@myspace.com;665294;fZI64@|K+'N|Rr
Daisey;Broadwood;dbroadwoodfp@theguardian.com;494134;gMB51*axc)\jQS
Liuka;Simacek;lsimacekfq@pinterest.com;412094;nEL48&5A!gL$5AoO
Nicolais;Kehir;nkehirfr@chronoengine.com;742357;oBX75(D&rf=16%b
Stephanie;Tarbox;starboxfs@cam.ac.uk;423681;aQQ22+)1Ng>6+QF)
Gretna;Krzysztof;gkrzysztofft@nsw.gov.au;551174;yDW31,PJA<QfmD?_
Valera;Gauvain;vgauvainfu@craigslist.org;558309;uZX85+h5`r##J&A
Trever;Proudman;tproudmanfv@chron.com;627653;sHX70=Yy#AZB6\T
Salomi;Orrey;sorreyfw@google.co.jp;779895;uXB56.+L
Reynard;Dockray;rdockrayfx@smugmug.com;733194;cRJ34)j9E85\
Diana;Wards;dwardsfy@techcrunch.com;684369;wFS86?F>38
Brena;Ruoff;bruofffz@imgur.com;494758;hWR48`Viye1h8+
Tanny;Durrant;tdurrantg0@ehow.com;491319;kXK69(BL>fd%
Cordula;Moryson;cmorysong1@soundcloud.com;650781;tPO67&hc+d
Silvan;Cheeney;scheeneyg2@hatena.ne.jp;507031;lAE11\vY3e
Vannie;Calbaithe;vcalbaitheg3@usa.gov;611247;tHR75\ul~n
Rennie;Camsey;rcamseyg4@npr.org;763622;jXL64'd0cg,d'+
Lissy;Symon;lsymong5@soundcloud.com;633859;aMU87'w\nYHjsD
Laney;Poe;lpoeg6@utexas.edu;446416;tDK70~n&v>PRF+c'
Emlyn;Champney;echampneyg7@163.com;426849;"wIG49""x>@z/B"
Cristal;Longley;clongleyg8@mapquest.com;763013;dDB10,F?hC
Rudie;Rawlinson;rrawlinsong9@vistaprint.com;771667;tGI42!7.N/
Emilee;Chugg;echuggga@seattletimes.com;658850;fJS86#_j
Lionel;Housiaux;lhousiauxgb@timesonline.co.uk;486834;jHY01\nz6,(oB
Kurt;Reary;krearygc@amazon.co.uk;699948;gHV93{RJuBaHwo
Myrna;Enterlein;menterleingd@yellowbook.com;462244;oEV89+<iQZ/w#L)*
Ceil;Gyde;cgydege@prweb.com;612736;mNZ34\LCshCIL/
Wallie;Tuhy;wtuhygf@mysql.com;799867;rNM58%k}8T
Kennett;Pilgrim;kpilgrimgg@clickbank.net;593763;hJL47&lweLbzo,>
Paxon;Sharpley;psharpleygh@usda.gov;489873;tHF22(Y*
Leonerd;Mayzes;lmayzesgi@sourceforge.net;493133;oKN76'aT7|l\L
Ritchie;Stollwerck;rstollwerckgj@intel.com;612825;wBM90%@)L+g&3{
Rubi;Tretter;rtrettergk@cdc.gov;771712;xIJ53@|v4gr$G_
Saunders;Cough;scoughgl@google.es;707150;qVP64}>phkhaV
Christiane;Haug;chauggm@unesco.org;437218;iTE49`T_7Z5}Rap
Norby;Orro;norrogn@umich.edu;694173;dOQ12%Sl)KRz@xa'
